language,filename,blank,comment,code,author
C++,RoteCode\Application.cpp,106,136,445,b.choi
C++,RoteCode\Level1.cpp,115,20,444,b.choi
C++,RoteCode\LevelManager.cpp,94,12,359,b.choi
C++,RoteCode\Pause.cpp,82,20,346,b.choi
C++,RoteCode\Factory.cpp,115,20,310,b.choi
C++,RoteCode\StateManager.cpp,111,11,271,b.choi
C++,RoteCode\engine.cpp,107,29,265,b.choi
C++,RoteCode\Menu.cpp,39,14,256,b.choi
C++,RoteCode\ImguiGraphics.cpp,64,13,235,b.choi
C++,RoteCode\ReplayLogic.cpp,45,13,222,b.choi
C++,RoteCode\Soundmanager.cpp,65,10,156,b.choi
C++,RoteCode\LoseconditionLogic.cpp,40,15,114,b.choi
C++,RoteCode\logging.cpp,40,12,113,b.choi
C++,RoteCode\Intro.cpp,45,12,111,b.choi
C++,RoteCode\Ending.cpp,27,12,109,b.choi
C++,RoteCode\ArchetypeEditor.cpp,35,13,109,b.choi
C++,RoteCode\Input.cpp,52,15,99,b.choi
C++,RoteCode\InGameLogic.cpp,27,11,93,b.choi
C++,RoteCode\Clearzone.cpp,25,12,77,b.choi
C++,RoteCode\AutoMoving.cpp,25,18,73,b.choi
C++,RoteCode\splash.cpp,24,21,63,b.choi
C++,RoteCode\main.cpp,18,21,59,b.choi
C++,RoteCode\Archetype.cpp,23,13,41,
C++,RoteCode\GameLogic.cpp,15,12,23,
